{"tail_avg": 207.99190306067186, "n_eps": 400, "tail_std": 52.84346212965032, "final_reward": 212.15539538201247, "time": 1458.9696395397186, "max_reward": 259.8628353777441, "solve_episode": 400}