final_episode,run_number,run_time
4,0,0.39884376525878906
4,1,0.4203813076019287
